Datetime,Water Level (m)
2026-09-02 00:00:00,0.68900406
2026-09-02 01:00:00,0.40909317
2026-09-02 02:00:00,0.17997248
2026-09-02 03:00:00,-0.032203812
2026-09-02 04:00:00,-0.1779576
2026-09-02 05:00:00,-0.109082885
2026-09-02 06:00:00,0.37359804
2026-09-02 07:00:00,0.80872697
2026-09-02 08:00:00,1.1633543
2026-09-02 09:00:00,1.3618618
2026-09-02 10:00:00,1.332044
2026-09-02 11:00:00,1.019905
2026-09-02 12:00:00,0.6904008
2026-09-02 13:00:00,0.4146519
2026-09-02 14:00:00,0.18162502
2026-09-02 15:00:00,-0.037533358
2026-09-02 16:00:00,-0.20141973
2026-09-02 17:00:00,-0.24370646
2026-09-02 18:00:00,0.20299742
2026-09-02 19:00:00,0.6292031
2026-09-02 20:00:00,0.9893578
2026-09-02 21:00:00,1.2552873
2026-09-02 22:00:00,1.3707304
2026-09-02 23:00:00,1.2519608
2026-09-03 00:00:00,0.93682104
2026-09-03 01:00:00,0.64495075
2026-09-03 02:00:00,0.3937187
2026-09-03 03:00:00,0.18750916
2026-09-03 04:00:00,0.0058983676
2026-09-03 05:00:00,-0.09432908
2026-09-03 06:00:00,0.09721622
2026-09-03 07:00:00,0.54499507
2026-09-03 08:00:00,0.8984221
2026-09-03 09:00:00,1.1424524
2026-09-03 10:00:00,1.2396421
2026-09-03 11:00:00,1.126188
2026-09-03 12:00:00,0.83509207
2026-09-03 13:00:00,0.55828553
2026-09-03 14:00:00,0.3216604
2026-09-03 15:00:00,0.112113774
2026-09-03 16:00:00,-0.06689701
2026-09-03 17:00:00,-0.18973807
2026-09-03 18:00:00,-0.13312003
2026-09-03 19:00:00,0.30446583
2026-09-03 20:00:00,0.68832123
2026-09-03 21:00:00,0.9963839
2026-09-03 22:00:00,1.2069788
2026-09-03 23:00:00,1.2915081
2026-09-04 00:00:00,1.1844591
2026-09-04 01:00:00,0.91257185
2026-09-04 02:00:00,0.64271176
2026-09-04 03:00:00,0.40715688
2026-09-04 04:00:00,0.21402128
2026-09-04 05:00:00,0.060095318
2026-09-04 06:00:00,-0.008822806
2026-09-04 07:00:00,0.21427813
2026-09-04 08:00:00,0.59283
2026-09-04 09:00:00,0.8718883
2026-09-04 10:00:00,1.0317793
2026-09-04 11:00:00,1.0595402
2026-09-04 12:00:00,0.907924
2026-09-04 13:00:00,0.67732745
2026-09-04 14:00:00,0.45197615
2026-09-04 15:00:00,0.26209125
2026-09-04 16:00:00,0.08342437
2026-09-04 17:00:00,-0.06087362
2026-09-04 18:00:00,-0.15124612
2026-09-04 19:00:00,-0.09467964
2026-09-04 20:00:00,0.27548602
2026-09-04 21:00:00,0.6149924
2026-09-04 22:00:00,0.890526
2026-09-04 23:00:00,1.083565
2026-09-05 00:00:00,1.1679156
2026-09-05 01:00:00,1.0874083
2026-09-05 02:00:00,0.8633147
2026-09-05 03:00:00,0.63534796
2026-09-05 04:00:00,0.43410048
2026-09-05 05:00:00,0.26426244
2026-09-05 06:00:00,0.12832722
2026-09-05 07:00:00,0.055902287
2026-09-05 08:00:00,0.12719879
2026-09-05 09:00:00,0.4132803
2026-09-05 10:00:00,0.66773903
2026-09-05 11:00:00,0.8549445
2026-09-05 12:00:00,0.9433205
2026-09-05 13:00:00,0.9103284
2026-09-05 14:00:00,0.74729216
2026-09-05 15:00:00,0.5488317
2026-09-05 16:00:00,0.35592642
2026-09-05 17:00:00,0.18573669
2026-09-05 18:00:00,0.033627078
2026-09-05 19:00:00,-0.0639652
2026-09-05 20:00:00,-0.05354628
2026-09-05 21:00:00,0.20244141
2026-09-05 22:00:00,0.5150064
2026-09-05 23:00:00,0.788881
2026-09-06 00:00:00,1.005487
2026-09-06 01:00:00,1.1374573
2026-09-06 02:00:00,1.1621394
2026-09-06 03:00:00,1.0474467
2026-09-06 04:00:00,0.83295554
2026-09-06 05:00:00,0.6101015
2026-09-06 06:00:00,0.40524387
2026-09-06 07:00:00,0.23654272
2026-09-06 08:00:00,0.10279327
2026-09-06 09:00:00,0.034220163
2026-09-06 10:00:00,0.12732016
2026-09-06 11:00:00,0.42421135
2026-09-06 12:00:00,0.67395437
2026-09-06 13:00:00,0.85362554
2026-09-06 14:00:00,0.93785065
2026-09-06 15:00:00,0.9004867
2026-09-06 16:00:00,0.7346692
2026-09-06 17:00:00,0.53245705
2026-09-06 18:00:00,0.33562875
2026-09-06 19:00:00,0.16193633
2026-09-06 20:00:00,0.015285282
2026-09-06 21:00:00,-0.074523
2026-09-06 22:00:00,-0.03298693
2026-09-06 23:00:00,0.29000154
2026-09-07 00:00:00,0.6385651
2026-09-07 01:00:00,0.9425112
2026-09-07 02:00:00,1.1705645
2026-09-07 03:00:00,1.2878866
2026-09-07 04:00:00,1.2458359
2026-09-07 05:00:00,1.0178897
2026-09-07 06:00:00,0.75333506
2026-09-07 07:00:00,0.5126444
2026-09-07 08:00:00,0.30511126
2026-09-07 09:00:00,0.13033354
2026-09-07 10:00:00,-0.0052813496
2026-09-07 11:00:00,-0.044475947
2026-09-07 12:00:00,0.22142404
2026-09-07 13:00:00,0.59761024
2026-09-07 14:00:00,0.88599783
2026-09-07 15:00:00,1.0692289
2026-09-07 16:00:00,1.1164228
2026-09-07 17:00:00,0.9760419
2026-09-07 18:00:00,0.7286788
2026-09-07 19:00:00,0.48473454
2026-09-07 20:00:00,0.2712505
2026-09-07 21:00:00,0.078530766
2026-09-07 22:00:00,-0.07221018
2026-09-07 23:00:00,-0.1445676
2026-09-08 00:00:00,0.1318453
